[
  {
    "drinks": [
      {
        "path": "/drinks/hot-coffees",
        "type": "Hot Coffees",
        "image": "https://globalassets.starbucks.com/assets/f12bc8af498d45ed92c5d6f1dac64062.jpg?impolicy=1by1_tight_288"
      },
      {
        "path": "/drinks/hot-teas",
        "type": "Hot Teas",
        "image": "https://globalassets.starbucks.com/assets/2d52f16a22fb40ff898be1815ecc952e.jpg?impolicy=1by1_tight_288"
      },
      {
        "path": "/drinks/hot-drinks",
        "type": "Hot Drinks",
        "image": "https://globalassets.starbucks.com/assets/d51e67249b7c4d5383fc68b3be1d62eb.jpg?impolicy=1by1_wide_1242"
      },
      {
        "path": "/drinks/frappuccino-blended-beverages",
        "type": "Frappuccino® Blended Beverages",
        "image": "https://globalassets.starbucks.com/assets/06cfd44aac9f4b488495e0f7da404825.jpg?impolicy=1by1_tight_288"
      },
      {
        "path": "/drinks/cold-coffees",
        "type": "Cold Coffees",
        "image": "https://globalassets.starbucks.com/assets/21f012c25a714d81b211a19094fb90cc.jpg?impolicy=1by1_wide_1242"
      },
      {
        "path": "/drinks/iced-teas",
        "type": "Iced Teas",
        "image": "https://globalassets.starbucks.com/assets/0f3e19ad457f4b9f9fb5afde29d0c7cf.jpg?impolicy=1by1_wide_1242"
      },
      {
        "path": "/drinks/cold-drinks",
        "type": "Cold Drinks",
        "image": "https://globalassets.starbucks.com/assets/1fbfdef2d1814c86ae271460a5b85f93.jpg?impolicy=1by1_wide_1242"
      }
    ],
    "food": [
      {
        "path": "/food/hot-breakfast",
        "type": "Hot Breakfast",
        "image": "https://globalassets.starbucks.com/assets/f9a4cd143c4342abbb4f60b7fab4e6df.jpg?impolicy=1by1_wide_1242"
      },
      {
        "path": "/food/bakery",
        "type": "Bakery",
        "image": "https://globalassets.starbucks.com/assets/2362e79aa0ab4c37a930956c67ab557a.jpg?impolicy=1by1_wide_1242"
      },
      {
        "path": "/food/lunch",
        "type": "Lunch",
        "image": "https://globalassets.starbucks.com/assets/02ea801e3aca434fa2fcccfcd4adba8c.jpg?impolicy=1by1_wide_1242"
      },
      {
        "path": "/food/snacks-and-sweets",
        "type": "Snacks & Sweets",
        "image": "https://globalassets.starbucks.com/assets/374230e32c03466e9f1696551d843f3b.jpg?impolicy=1by1_wide_1242"
      },
      {
        "path": "/food/oatmeal-and-yogurt",
        "type": "Oatmeal & Yogurt",
        "image": "https://globalassets.starbucks.com/assets/3e10e6d4c9cb412b9f37d421c0376465.jpg?impolicy=1by1_wide_1242"
      }
    ],
    "atHomeCoffee": [
      {
        "path": "/at-home-coffee/whole-bean",
        "type": "Whole Bean",
        "image": "https://globalassets.starbucks.com/assets/69b578aa962c40f98d88d9d521c5410c.jpg?impolicy=1by1_wide_1242"
      },
      {
        "path": "/at-home-coffee/verismo-pods",
        "type": "Verismo® Pods",
        "image": "https://globalassets.starbucks.com/assets/833e95732cc849a4b1fe1d315771ae0a.jpg?impolicy=1by1_wide_1242"
      },
      {
        "path": "/at-home-coffee/via-instant",
        "type": "VIA® Instant",
        "image": "https://globalassets.starbucks.com/assets/27d30b52d95948fc81141af6bb91a108.jpg?impolicy=1by1_wide_1242"
      }
    ],
    "merchandise": [
      {
        "path": "/merchandise/drinkware",
        "type": "Drinkware",
        "image": "https://globalassets.starbucks.com/assets/b3c749e064534f608fcc84076329f39d.jpg?impolicy=1by1_wide_1242"
      }
    ]
  }
]
